"AUTHOR","BOOK_COUNT"
Sanders Lawrence,27
Clark Mary Higgins,26
Christie Agatha,23
Jance J A,22
Grafton Sue,22
Daheim Mary,21
Kellerman Jonathan,19
Brown Sandra,18
Braun Lillian Jackson,17
Cornwell Patricia,17
Patterson James,17
Sheldon Sidney,16
Cussler Clive,16
Roberts Nora,16
Garwood Julie,16
Lescroart John,15
Kellerman Faye,15
Grisham John,14
Johnston Terry C,13
Disney Walt,13
Myers Tamar,13
Sandford John,13
Clancy Tom,13
Johansen Iris,12
Deaver Jeffery,11
Hoag Tami,11
Higgins Jack,11
Rohmer Sax,10
Ludlum Robert,10
Connelly Michael,10
Evanovich Janet,10
Gilman Dorothy,10
Gardner Earl Stanley,10
Burke Jan,9
Hillerman Tony,9
Crichton Michael,9
Koontz Dean,9
Scottoline Lisa,9
Churchill Jill,9
King Stephen,9
Babson Marian,8
Stewart Mary,8
Sandfford John,8
OConnell Carol,8
Wolzien Valerie,7
Whitney Phyllis A,7
Cook Robin,7
Wambaugh Joseph,7
Albert Susan Wittig,7
Delinsky Barbara,7
Baldacci David,6
Francis Dick,6
White Stephen,6
Pickard Nancy,6
McNaught Judith,6
Blanc Nero,6
Canfield & Hansen,5
Spyri Johanna,5
Mac Donald John D,5
Sparks Nicholas,5
Whitney Phylis A,5
Luce Henry R,5
Burke James Lee,5
Weiner Eric,5
Auel Jean M,5
Steel Danielle,5
Coulter Catherine,5
Gardner Lisa,5
Higgins Clark Mary,5
MacDonald John D,4
Dr Seuss,4
Davidson Diane Mott,4
Johnstone William W,4
Maclean Alistair,4
James P D,4
Grimes Martha,4
Hope Laura Lee,4
Richdale Brad,4
Clark Mary Jane,4
Hitchcock Alfred,4
Hall Parnell,4
Blish James,4
Block Lawrence,4
Braun Lilian Jackson,4
Clark Carol Higgins,4
Coonts Stephen,4
Shakespeare William,4
LAmour Louis,4
Palmer Michael,4
Jackson Lisa,4
Doherty P C,4
Child Lee,4
Turow Scott,4
Peters Ellis,4
Comp USA Computer Training,4
Bureau of Business Practice,4
Sheff Alexander,4
Hurwood Bernhardt J,4
Jablonski Edward,4
Keating H R F,4
Martin Ann M,4
Follett Ken,4
Chrichton Michael,4
May Julian,3
Preston Douglas & Child Lincoln,3
Crockett James Underwood,3
Krantz Judith,3
Peretti Frank,3
Redfield James,3
Evans Nicholas,3
Melville Herman,3
Nourse James G,3
Balzac,3
Kline R E Pattison,3
Shaw Rebecca,3
Slaughter Karin,3
Stein Philip L & Rowe Bruce M,3
Coben Harlan,3
Dunsany Lord,3
Westlake Donald,3
Graham Frank D & Emery Thomas J,3
Michael Judith,3
Brown Rita Mae,3
Limbaugh Rush H III,3
Plain Belva,3
MacDonald John,3
Fielding Henry,3
Toland John,3
Underwood Michael,3
Viscott MD David,3
Dickens Charles,3
Peters Elizabeth,3
Stevenson Robert Louis,3
Sutphen Dick,3
Butler Gwendoline,3
Cox Palmer,3
Pullman Philip,3
R E Pattison Kline,3
Fast Howard,3
Canfield Jack & Hansen Mark Victor,3
Clavell James,3
Burnett Frances Hodgson,3
Marston Edward,3
Alcott Louisa May,3
Paher Stanley W,3
Patterson Richard North,3
James Bill,3
Spielberg Steven,3
Heritage of America Library,3
Picoult Jodi,3
Graham William M,3
Holt Victoria,3
Brown Dan,3
Greeley Andrew M,3
Blume Judy,3
Rice Luanne,3
Yeoman RS,3
Yorke Margaret,3
Axe John,3
Barry Dave,3
Bellairs John,3
Piper Watty,3
Guest Edgar A,3
Beebe Lucius,2
London Jack,2
Shlafer Marshal PhD,2
George Elizabeth,2
Haynes Betsy,2
Herlan Peter J,2
Pirsig Robert M,2
Drucker Peter F,2
Woods Stuart,2
Yazawa Ai,2
Michaels Barbara,2
National Geographic,2
Heloise,2
Herriot James,2
Caldwell Taylor,2
Carter Eleanor Jean,2
Varga Judy,2
Bradbury Ray,2
Krentz Jayne Ann,2
Parsons June Jamrich and Oja Dan,2
Stong Phil,2
Strohmeyer Sarah,2
Wells H G,2
Norris Kathleen,2
Brothers Dr Joyce,2
King Margaret L,2
Scott Sir Walter,2
Pike Christopher,2
McGraw Phd Phillip C,2
McMullen Mary,2
Dibdin Michael,2
Hubler Edward,2
Innes Hammond,2
Sunset Books,2
Judd Polly and Pam,2
Dodge Mary Mapes,2
Shute Nevil,2
Capucilli Alyssa Satin,2
Tarkington Booth,2
Vick Helen Hughes,2
Daley Rosie,2
Branley Franklyn M,2
Kuns Ray F,2
Leon Ruth,2
Peale Norman Vincent,2
Perry Anne,2
Houston Margaret Bell,2
Stone Irving,2
Stout Rex,2
Michener James A,2
Moore Thomas,2
Murphy Shirley Rousseau,2
Newmark Maxim,2
OShaughnessy Perri,2
Ogburn Charlton,2
Knoblauch R H Beryl Mrs,2
Cooper Susan,2
Hemingway Ernest,2
Herbert James,2
Tryon Thomas,2
Graham Heather,2
Grover Eulalie Osgood,2
Hampshire Stuart,2
Leonard Elmore,2
Jakes John,2
Spurr Elizabeth,2
Roberts Les,2
Wigggs Susan,2
Wilcox Collin,2
Winspear Violet,2
Montgomery Ruth,2
Macomber Debbie,2
Saul John,2
Crais Robert,2
Pearl Richard M,2
Jance JA,2
Riviere Bill,2
Wilder Effie Leland,2
Montgomery L M,2
Glass Leslie,2
Poe Edgar Allen,2
Porter Gene Stratton,2
Maddox Robert James Edited,2
Felten Eric,2
Ferrars E X,2
Tan Amy,2
Twain Mark,2
Gruening Ernest,2
Cyr Ellen M,2
Da Silva Zenia Sacks,2
Krensky Stephen,2
Iles Greg,2
Rice Helen Steiner,2
Clifford Eth,2
Drury Allen,2
Morrell David,2
Myrick David F,2
Lucas George,2
Galbraith John Kenneth,2
Garfield Brian,2
McCullough Colleen,2
Field Eugene,2
Tolkien J R R,2
Deighton Len,2
Deveraux Jude,2
Bombeck Erma,2
Brandon Linda Tracey,2
Peters Tom,2
Smith Alexander McCall,2
Stewart George R,2
Stine R L,2
Rooney Andy,2
Rule Ann,2
Engelbreit Mary,2
Wiggin Kate Douglas,2
Wouk Herman,2
Wright Betty Ren,2
Morse Sidney,2
Barrie J M,2
Kipling Rudyard,2
Cook Bruce,2
Seton Ernest Thompson,2
Hart Carolyn G,2
Friend Natasha,2
Sayers Dorothy L,2
Allen James,2
Tanur Judith M,2
Graves Ralph Managing Editor,2
Bierce Ambrose,2
LEngle Madeleine,2
Pentecost Hugh,2
Hooper Kay,2
Smith Martin Cruz,2
Robbins Tom,2
Clark Mary Higgens,2
Maclean Norman,1
Macy Jesse AM,1
Margolin Phillip,1
Marshall Catherine,1
Martin Don and Betty,1
Maslow Abraham H,1
Matteson Setfanie,1
Maxwell John C,1
McBain Ed,1
McCormick Patricia,1
McDonell Gordon,1
McDougal Stuart Y,1
McGraw Phillip C PhD,1
McMillan Terry,1
Farris John,1
Ferrigno Robert,1
Fox Zachary Alan,1
Frey Richard L,1
Saanders Lawrence,1
Saavedra Miguel De Cervantes,1
Santa Claus,1
Sarabande William,1
Schmidt Herbert,1
 Doyle Arthur Conan,1
 Sparks Nicholas,1
Abbey Edward,1
Adams Marilyn Jager,1
Adams Scott,1
Alger Ralph K,1
Ambler Eric,1
Ames Merlin M & Ames Jesse H & Ousley Odille,1
Archer Jeffrey,1
Arnold Ann,1
Artel Lili,1
Ashton William Easterly MD,1
Camppbell Joanna,1
Carter Chris,1
Carter Jimmy,1
Cataudella Joe & Sawyer Ben & Greely Dave,1
Ccoper Susan,1
Chesson Betsey and Chanko Pamela,1
Childe Mrs Hubert,1
Churchill Robert Paul,1
Thayer Charles W,1
Thom James Alexander,1
Troop Jane and Dale Craig,1
Untermeyer Louis Edited,1
Valiente Doreen,1
Vanzant Iyanla,1
Velikovsky Immanuel,1
Walker Alice,1
Grasso Patricia,1
Greenleaf Stephen,1
Grout Pam,1
Halacy D S Jr,1
Hamilton Cathy,1
Hammond Inc,1
Hansen Mark Victor & Allen Robert G,1
Cravens Richard H,1
Crocker Betty,1
Cronin Justin,1
DK Eyewitness Travel Guides,1
Darwin Charles,1
Davidson Sidney Stickney Clyde P & Weil Roman L,1
De Santillana Giorgio,1
Derum James Patrick,1
Dexter Colin,1
Bible Stories,1
Black Robert W,1
Blanco Jose A,1
Bonar Lee and Roush Lucile and the Late Richard M Holman,1
Booher Dianna,1
Kubler-Ross Elisabetj,1
Kunz Jeffrey R M MD,1
Lear Martha Weinman,1
Lee Harper,1
Paradiso Catherine,1
Patterson James and Peter De Jonge,1
Pecher Otto,1
Peel John,1
Holick Michael F PhD And Mark Jenkins,1
Hom Ken,1
Horrock Henry,1
Houston Peracyi Hazen & Bonnell John Kester,1
Hurwitz Johanna,1
Hyde Anthony,1
Ivker DO Robert,1
J & P Coats 100 Embroidery Stitches,1
Sideman Belle Becker,1
Smith Michelle & Pazder Lawrence MD,1
Smith Nila Banton,1
Smith Patricia R,1
Smith Robert Kimmel,1
Stone Jon,1
Supplee Charles & Douglas and Barbara Anderson,1
Suro Xiomara,1
Jekel Pamela,1
Johnson George & Tanner Don,1
Junger Sebastian,1
Kaminsky Stuart,1
Reed Mary,1
Rehder Harold A,1
Reilly Matthew,1
Rhead Louis,1
Robb Andy,1
Robinson Kathy,1
Rodale,1
Rohmet Sax,1
Rosenfelt David,1
Clayman Charles B MD,1
Collins Jackie,1
Doherty P C Wiritng as Ann Dukthas,1
Donald Robyn,1
Dorfman Gillian,1
Dravecky Dave,1
Dubus Andre III,1
Dutton Bertha P,1
Editors of Hot Rod Magazine,1
Edwards Paul & Sarah,1
Weaver Brower Smiley and Porreca,1
Weber Robert,1
Weil Andrew MD,1
White Ethel Lina,1
Willson Sarah,1
Wilson Neill C & Taylor Frank J,1
Wilton Norman,1
Wordperfect,1
Wright Harold Bell,1
Wright Richard,1
Melville James,1
Mercer Charles,1
Metz Rudolph,1
Miles Miska,1
Modell Walter & Lansing Alfred,1
Morgan Willard D & Henry M Lester,1
Morrison Lillian,1
Moyer Patsy,1
Nance John J,1
Nelson Bob,1
Nierenberg Gerard L,1
Broder PHD,1
Brooks Terry,1
Brown Anthony Cave,1
Bryatt AS,1
Bumann Joan & Patterson John,1
Burton Jane,1
Buscaglia Leo PhD,1
Bailey Carolyn Sherwin,1
Bailey Covert & Gates Ronda,1
Barboni-Seppa Stephanie,1
Barnard Christiaaan,1
Barton Frederick,1
Bayer William C Ruth Shirley O Adrian W Robert,1
Benchley Peter,1
Kelllerman Jonathan,1
King Julie Adair,1
Lewin S A MD & Gilmore John PhD,1
Lipman Frederick D,1
Littauer Florence,1
Lovecraft and Others,1
Conelly Michael,1
Cooper Natasha,1
Costain Thomas B & Beecroft John,1
Sheehy Gail,1
Shields Mary,1
Shimberg Elaine Fantle,1
Shrodes Caroline Finestone Harry & Shugrue Michael,1
Gardner John,1
Garrison Paul,1
Gerritsen Tess,1
Gillet Harry Orrin BS,1
Gilmore Cecile,1
Gilmore Robert,1
Giuliani Rudolph W,1
Harvey Lola,1
Haskins Jim,1
Hassler Jon,1
Hawton Hector,1
Heffernan Helen & Richards Irmagarde & Salisbury Alice,1
Hersey John,1
Heyerdahl Virginia Ann,1
Professional Staff,1
Raskin Julie and Males Carolyn,1
Ray Richard,1
Madscn Ross Martin,1
Martignoni Margaret E,1
McGraw Marja,1
McGuffey,1
Farago Ladislas,1
Fenton Carroll Lane O& Mildred Anams,1
Fichter George S,1
Fleetwood Jenni,1
Fleming Ian,1
Follan John and Rita Cristofari,1
Francis Clare,1
Frank Anne,1
Frazer Phyllis,1
Santesson Hanse Stefan,1
Schaef Anne Wilson & Fassel Diane,1
Scholes Percy A,1
 Clark Mary Higgens,1
 Gerritsen Tess,1
 Grisham John,1
 Haydn Hiram,1
 Hillerman Tony,1
 Verne Jules,1
Aird Catherine,1
Altman John,1
Anderson Christopher,1
Cameron Stella,1
Carcaterra Lorenzo,1
Carl JoAnna,1
Carlin Claudia,1
Case John,1
Cateora Philip R & Graham John L,1
Chambers Robert W ,1
Channing Wm Henry,1
Chew Ruth,1
Chopra MD Deepak,1
Taylor John Ressell,1
Templeton Timothy L W/ Lynda Rutledge Stephenson,1
Thill John V & Bovee Courtland L,1
Time Life,1
Trench Brinsley Le Poer,1
Truman Margaret,1
Tudor Tasha,1
Uncle Milton,1
Vine Barbara Ruth Rendall Writing as Miss Vine,1
Violette Ruth Magdalena,1
Wainscott,1
Waller Robert James,1
Walt Disney,1
Wanamaker John,1
Wanous S J & Haggblade Berle,1
Grant Gordon,1
Grant Linda,1
Greham William M,1
Greive Bradley Trevor,1
Grimm Jacob and William,1
Grimsley Jim,1
Hackett Eric,1
Hamilton Jane,1
Cuff Dana,1
DArcangelo David,1
Davis Jim,1
Diehl William,1
Bergamini David,1
Birmingham Stephen,1
Blesse Frederick C,1
Konvitz Jeffrey,1
Lait Jack and Mortimer Lee,1
Lamb Wally,1
Lane Mark,1
Leff Lawrence,1
Lentz Max,1
Lenz Lee W,1
Pagels Heinzz R,1
Parker Robert B,1
Patrick John,1
Perkins Marlin,1
Hoffmeister Donald F,1
Hopkins Jerry & Sugerman Danny,1
Household Geoffrey,1
Isaacs Susan,1
Simmel Johannes Mario,1
Sinclair Merle & McArthur Anabel Douglas,1
Smith Jeesie Wilcox,1
Smith Karl J,1
Sobel Milo,1
Sobol Donald J,1
St Marys Medical Center,1
Stowe Harriet Beecher,1
Strindberg August,1
Symons Julian,1
John D MacDonald,1
Kamien Roger,1
Reed Myrtle,1
Renjilian-Burgy Joy & Chiquito Ann Beatrice & Mraz Susan M,1
Reynolds Quentin,1
Ross Jacob M,1
Rossner Judith,1
Clarke Arthur C,1
Cleary Jon,1
Colcleaser Donald E,1
Douglas Hunter,1
Editor-Barboni-Seppa Stephanie,1
Edwards T J,1
Elmer Carlos,1
Weigel George,1
Wentworth Sally,1
Wharton David B,1
Woititz EdD Janet G,1
Zach David,1
Meier Frederick,1
Mertz Ursula R,1
Miller William E,1
Mowat Farley,1
Neblette C B  FRPS,1
Neil Marion Harris,1
Nisbet Jim,1
Non Denominational,1
OHara Mary,1
ONeil William J,1
Okumiya Masatake & Horikoshi Jiro,1
Oppel Frank,1
Brown Dale,1
Buckley Bob,1
Bukics Rose Marie,1
Burnford Sheila,1
Bush Barbara,1
Buss Eduard,1
Butler W E,1
Ball John,1
Barber Shirley,1
Barbieri Elaine,1
Barnes Broda & Barnes Charlotte,1
Bell Louise Price,1
Keyes Frances Parkinson,1
Kidz,1
King Edward,1
Kirk Mary,1
Klein Joe,1
Lewi Grant,1
Ludlum Robert & Philip Shelby,1
Congdon Don,1
Cooley Michael and Powell Katherine,1
Cooper Elizabeth K,1
Cox Eva Winn,1
Coxe George Harmon,1
Coyle Harold,1
Scott Therese,1
Shapiro Randall T,1
Shelby Philip,1
Sherman Arnold,1
Gaskin Catherine,1
Gilbert Michael,1
Gittleman Ann Louise PhD CNS,1
Godfrey Thomas,1
Golding William,1
Goodman Peter & Tony Fuller,1
Hare Cyril,1
Harris Joshua,1
Hassell Sandy,1
Heller Joseph,1
Hendrix Coach Beasey,1
Hill Napoleon,1
Hillenbrand Laura,1
Powell Dick,1
Prentiss Charlotte,1
Machen Arthur,1
Mack Effie Mona PhD & Sawyer Byrd Wall MA,1
Margulies Teddy Slater,1
Masterson Whit,1
Matthews Roy T & Platt F DeWitt,1
May Stella Burke,1
Florin Lambert,1
Foulke Jan,1
Friedman Sonya,1
Scheim David E,1
Schneider Earl & Dr Matthew M Vriends,1
 Alcott Louisa May,1
 Hoag Tami,1
 Scottoline Lisa,1
Alan Rodgers,1
Alter Dinsmore PhD SC D,1
Ariane,1
Artcraft,1
Atkins Rober C,1
Caldwelld Taylor,1
Canfield Jack & Several Others,1
Carey Kinsolving and Friends,1
Carr John Dickson,1
Carroll Lewis,1
Catton Bruce,1
Theismann Joe with Brian Tarcy,1
Thompson Emily,1
Thompson G A & White D E,1
Treasure Chest,1
Trollope Anthony,1
Van Lustbader Eric,1
Walter Steven,1
Walton Lewis R And Herbet E Douglass,1
Graham Judy,1
Grant Campbell,1
Gray David,1
Greeley Andrew,1
Green Gerald,1
Griffin WEB,1
Grolier,1
Grunwald Henry Anatole,1
Guterson David,1
Habberton John,1
Haddad Alexandria & Christopher,1
Hale Ludretia P,1
Hall James Norman,1
Hancock John,1
Hannity,1
Cushman Karen,1
Davies Peter,1
Davis Jr Donald G Editor,1
De Lee Joseph B MD,1
DeFelitta Frank,1
DeMille Nelson,1
Deal Terrnece E & Kennedy Allan A,1
Del Rey Lester,1
Dine SS Van,1
Berger Paul E & Stephanie Mensh,1
Billlac Pete,1
Bing Elisabeth,1
Blackman Margeret B,1
Bloor Edward,1
Bond Larriy,1
Borgeson Griffith,1
Boylan Eleanor,1
Boylston Helen Dore,1
Bracco Edgar Jean,1
Bradleey Marion Zimmer,1
Kwitz Mary De Ball,1
LaVien Jack & Lord John,1
Larsen Don,1
Larson Glen A & Thurston Robert,1
Laxalt Robert,1
Palahniuk Chuck,1
Pearl Joseph PhD,1
Hobson Laura Z,1
Hohne Heinz & Hermann Zolling,1
Hollands Judith,1
Horan Anne,1
Hornbacher Marya,1
Horowitz Al and Fred Reinfeld,1
Howard Alice and Walden,1
Howells William,1
Hubbell Carl,1
Hunter Linda Mason,1
Hyman B D,1
James M R,1
Sill Sterling W,1
Simpson George Gaylord & Pittendrigh Colin S & Tiffany Lewis H,1
Smith Harold S Sr w/ John Wesley Noble,1
Spizer Joyce,1
Spruill Steven,1
Stine RL,1
Strieber Whitley,1
Jeffrey Adi-Kent Thomas,1
Junior League of Waterloo,1
Kahn Jr Lloyd,1
Kaye MM,1
Kaye Marvin Edited by,1
Reade Charles,1
Reader John & Croze Harvey,1
Reingold Carmel German,1
Rhodes Frank HT,1
Rinehart Mary Roberts,1
Robinson Anna,1
Rogers Rosemary,1
Rose Phil and Merle,1
Ross Stephen V,1
Ryan Jack D,1
Clark Mary & Carol Higgins,1
Cleaver Vera and Bill,1
Coel Margaret,1
Cohen Barney,1
Collins Wilkie ,1
Dole Helen B,1
Donaldson Stephen R,1
Douglas Kirk,1
Drews Christine M,1
Eadie Bettty J,1
Elkins Aaron,1
Ellis Mel,1
Ware Ciji,1
Watson Thomas A,1
Weir Catherine Daly,1
Weyn Susan,1
White Theodore H,1
Whiting Charles,1
Williams Walter,1
Wilson Susan,1
Winer Richard,1
Zukav Gary,1
Miller Norm,1
Mosley Walter,1
Neff Glenda Tennant,1
Neitzel Shirley,1
Norton Andre,1
ODonnell Lillian,1
OReilly Bill,1
Babbitt Natalie,1
Bannister Jo,1
Barnes MDBroda O & Galton Lawrence,1
Bateman Thelma,1
Becker Stephen,1
Kelton Elmer,1
Kienzle William X,1
Lial Margaret L & Miller Charles D,1
Liberts Jennifer,1
Limbaugh David,1
Loewy Arnold H,1
Lowry Brian,1
Lyman Kennie,1
Lynn Anne,1
Conroy Pat,1
Conway Jill Ker,1
Cooper MD Kenneth H & Cooper Mildred,1
Coyle PatriciaK & Halper June,1
Scott Barbara & Younce Carrie,1
Scott Willard,1
Sebold Alice,1
Shann Renee,1
Sherman Edith Bishop,1
Shulsky Sam,1
Geddes Anne,1
Ginrich Newt,1
Harris Timothy,1
Harrison Edward R,1
Henbest Nigel,1
Higgins Tom,1
Hilllerman Tony,1
Himsel Carol A,1
Hisrich Robert D & Peters Michael P,1
Phillips Donald T,1
Pickhardt C E,1
Potter Edith L MD PhD,1
Powell Colin,1
Prevention Health Books,1
Mackall Dandi Daley,1
Magruder Frank Abbott PhD,1
Malory Thomas,1
Mann May,1
Mapson Jo-Ann,1
Marquez Gabriel Garcia,1
Marshall Bevlyn,1
Mayhew Ralph and Burges Johnson,1
McCullough Clint,1
McGlashan C F,1
McGonagle Dorothy A,1
McIntyre J B,1
McQuown Judith H,1
Feldman Thea,1
Finch Christopher,1
Findley Bruce and Esther,1
Fischer Louis,1
Fritz Jean & Clute Tom,1
Sachar Louis,1
Sagan Carl & Leonard Jonathan,1
Sanders N K,1
Schlessinger Laura Dr,1
Schroeder Joseph J Jr,1
 Gilman Dorothy,1
 Haynes Betsy,1
 Hemingway Ernest,1
 Orwell George,1
 Peters Ellis,1
Alighieri Dante,1
Allen Conrad,1
Allen Steve,1
Amrine Michael,1
Aron Artthur and Elaine N,1
Atwood Margaret,1
Caesar Irving,1
Canby Henry Seidel,1
Chaisson Eric,1
Chase A W MD,1
Childers Richard,1
Christian Mary Blount,1
Tate Eleanore E,1
Taylor Jock,1
Teitelbaum Michael,1
Thornton Delores,1
Trevor-Roper H R,1
Trimble Irene,1
Tucker Kerry,1
U Can Do,1
Urdang Laurence,1
Uris Leon,1
Vance Louis Joseph,1
Venk Ernest A & Billeit Walter E,1
Vestergaard Hope,1
Voigt Cynthia,1
Walker Bill,1
Walker Mort,1
Wallbank T Walter & Taylor Alastair M,1
Gray John PhD,1
Gray Ruth S,1
Green George Dawes,1
Greenwood Pamela D,1
Griessman B Eugene,1
Griffin W E B,1
Hale Lucretia,1
Hall Bobi,1
Halley Ned,1
Hamilton Wk R Wooley A R & Bishop A C,1
Hammond Gerald,1
Curtiss Ursula,1
DEncausse Helene Carrere,1
Davis S C H,1
De Gramont Sanche,1
DeLee Joseph B MD,1
Berlitz Charles F,1
Bernhardt William,1
Blanch Lesley,1
Blanchard Ken & Bowles Sheldon,1
Bloss Milo A,1
Blumenstein Lynn,1
Bortstein Larry,1
Boyle Doe,1
Brady Mathew,1
Bragg Patricia,1
Brand-Miller Jennie,1
Kouzes James M & Posner Barry Z,1
Kraus Barbars,1
Leary William G & Smith James Steel,1
Parker Robert,1
Passman Don,1
Payne Elizabeth,1
Perdue H Avis,1
Petras James & Zeitlin Maurice,1
Hodge Merle,1
Hoffman Mable,1
Horney MD Karen,1
Hunter David,1
Jackson Eugene and Rubio Antonio,1
Jackson Kathryn and Byron,1
Siegel Barry,1
Smith Barbara Burnett,1
Smoke Jim,1
Snyder Margaret,1
Soule Gardner,1
Speriglio Milo,1
Spillane Mickey,1
Sprague Homer B PhD,1
Stanton Doug,1
Stearn Jess,1
Stivers Dave,1
Stratton- Porter Gene,1
Jerrod Jane,1
Johnson Dave,1
Johnson Walter Reed,1
Johonnot James,1
Juster Norton,1
Rendall Ruth,1
Ricci Christine,1
Robertson Keith,1
Rowan-Robinson Michael,1
Colby C B,1
Collins Wilkie,1
Dixon Franklin W,1
Doster Ward Hockett Poitras Bjork William C Ruth Shirleyi O Adrian W Robert,1
Douglas Carole Nelson,1
Drake David,1
Dubin Reese P,1
Durr William K LePere Jean M & Niehaus Bess,1
Edell Dean MD,1
Eichorn A F Sr,1
Emerson Connie,1
Emoto Masaru,1
Eyre Elizabeth,1
Whipple Wayne,1
White E B,1
White Gwen,1
Wilder Laura Ingalls,1
Willeford Charles,1
Wurtman PhD Judith J And Suffes Susan,1
Yates Raymond F,1
Yep Laurence,1
Zelazny Roger,1
Meyer Paul J & Slechta Randy,1
Michaels Mike,1
Miller John Michael Stone & Chris Mitchell,1
Mitchell & Hinman,1
Morley Christopher,1
Myracle Lauren,1
NEA Services Inc,1
Newman Mark,1
Novak William,1
Oddo Nick and Peter M Topaz,1
Orman Suze,1
Bryson John,1
Burke Edmund,1
Bailey Ronald,1
Barker Raymond Charles,1
Baum L Frank,1
Beard Charles A,1
Bennett,1
Kent Steven,1
Kindade Thomas & Spencer Katherine,1
Klinge Mrs Ray Annette Jr,1
Leslie Desmond & George Adamski,1
Leuzzi Marlene and Robert J Kershner,1
Lindsey David,1
Lockridge Richard,1
Cooper Kenneth H MD,1
Cott MD Allan,1
Covey Stephen R,1
Coyne John,1
Service Robert,1
Shannon Dell,1
Sherman V Clayton,1
Shumaker Terence M & Madsen David A,1
Gage Elizabeth,1
Gardner J J,1
Garrison Ray H,1
Gaughen Barbara & Weckbaugh Ernest,1
George Jean Craighead,1
Glenn Mabelle and Leavitt Helen S,1
Gookin Dan,1
Gorman John A,1
Hawkins N M E,1
Helm Alice K,1
Henderson Frank & Olson Mel,1
Hill Eric,1
Hinton S E,1
Pierson Clara Dillingham,1
Prather Hugh,1
Maas Perter,1
MacInnes Helen,1
Maloney Elbert S,1
Maltz Maxwell,1
Mandino Og,1
Manual of Universal Applicaion,1
Marx Groucho,1
Mast Brian,1
McBrier Page,1
McCammon Robert,1
McDonald John,1
McDowell Jack,1
McGlashan Alan,1
McMuratry Larry & Ossana Diana,1
Fay JR Paul B,1
Fehrenbach TR,1
Feldman David,1
Fernald James C LHD,1
Field Rachel,1
French Thomas,1
French Thomas E & Vierck Charles J,1
Fulghum Robert,1
Funk Charles Earle LttD,1
Salten Felix,1
Sample Johnny,1
Saunders Marshall,1
Schoonover Lawrence,1
Schwarzkopf General H Norman,1
 Askins Colonel Charles,1
 Brooks Bruce,1
 Dickens Charles,1
 Nicole,1
 Smith Grant H,1
Allen E L,1
Allen Hervey,1
Allen Leslie,1
Allen Oliver E,1
Alleroft Britt,1
Ambrose Stephen E,1
American College of Sports Medicine,1
Angler Bradford,1
Campbell Robert and Mager N H,1
Ceram CW,1
Charles Beard,1
Chastain Thomas,1
Chaucer Geoffrey,1
Christopher Matt,1
Tarkenton Fran with Wes Smith,1
The RIA Complete Analysis,1
Thompson Bob,1
Tierra CA ND Michael,1
Tortora Gerard J & Funke Beerdell R & Case Christine L,1
Unger Lisa,1
Von Moser Gustav,1
Wade Carlson,1
Waldhorn Arthur Zeiger Arthur,1
Walker Cynthia Whitesides Elvin Morria Rob,1
Wallace Francis,1
Graham Frank D And Thomas J Emery,1
Greer E Eugene & Elaine W,1
Griffiths Joan & Mary Jane Swanson,1
Gruenwald Dwyer,1
Hamilton Donald,1
Cushner Zelder,1
Cusick Richie Tankersley,1
Del Vecchio John M,1
Delort Robert,1
Dickenson Emily,1
Betts Richard M And Ely Silas J,1
Bolless Richard Nelson,1
Borthwick J S,1
Boyle Gerry,1
Branch Taylor and Propper Eugene M,1
Brenner Lynn,1
Kroeber Theodora,1
LaGrone Gregory G McHenry Andrea Sendon OConnor Patricia,1
Lamour Louis,1
Langton Jane,1
Law Hartland MD And Herbert E Law FCS,1
LeVien Jack and John Lord,1
Lea Christine,1
Lederman Leon,1
Lemesurier Peter,1
Lennon J Michael,1
Palatini Margie,1
Paretsky Sara,1
Park Barbara,1
Patterson James with Andrew Gross,1
Perricone MD Nicholas,1
Hollick F Dr,1
Holzer Hans,1
Howard Jane,1
Hudson Arthur K,1
Hughes Dean,1
Jackson Sarah,1
Signor John R,1
Skolnik Lixa,1
Smith Harold S Sr,1
Smith Helen Henry,1
Smith Robert Arthur,1
Snead G Lynne & Wycoff Joyce,1
Solomon Henry A MD,1
Steinbeck John,1
Stowe James L,1
Straub Peter,1
Stuart Corey,1
Stuart Jesse,1
Johnson Anne Akers,1
Johnson Hilton,1
Jones Charles T,1
Joseph Franz,1
Kalb Rosalind C PHD,1
Kaminsky Stuart M,1
Kathryn and Byron Jackson,1
Reding Elizabeth Eisner,1
Reiner Carl,1
Richardson Samuel,1
Ripley Alexandra,1
Roark James L,1
Roberts Elisabeth,1
Robinson W W,1
Rodgers Alan,1
Rohn Jim,1
Ross Wilma S,1
Rue Nancy,1
Runyon A Milton and Bergane Vilma F,1
Ruppelt Edward J,1
Clinton Bill,1
Clymer Susan,1
Cohen Daniel,1
Coles Home Library Cookbooks,1
Doster Ward Hockett Poitras Bjork William C Ruth Shirley O Adrian W Robert,1
Douglas Auriel & Strumpf Michael,1
Dreyer J L E,1
Edwards Patrick,1
Eliot Charles W LLD,1
Eliot Georgge,1
Everton George B Sr,1
Weiss Donald H,1
Weyn Suzanne,1
Wilder Robert,1
Williams Evangelist M B,1
Wlhite E B,1
Woodbridge W W,1
Woods Sara,1
Woods Sherryl,1
Woolcott Alexander,1
Wright TM,1
Zelnick Bob,1
Meyer Carolyn,1
Meyers Tamar,1
Miller Sue,1
Mills Liz,1
Milne Christopher,1
Mitchell Robert T & Zim Herbert S,1
Montgomery Frances Trego,1
Myler Dale Ron and Bob,1
Outhwaite Leonard,1
Bristol Lieutenant George,1
Brown John Mason,1
Bryant Traphes,1
Busch Fritz-Otto,1
Benson Ivan,1
Kean Edward,1
Keene Carolyn & Dixon Franklin W,1
Kent Rockwell,1
Kingsolver Barbara,1
Kinkade Thomas & Spencer Katherine,1
Kinsey Don J,1
Kinsolving Carey,1
Kirchheimer Sid,1
Klein James,1
Lessenberry D D And Wanous S J,1
Levinson Daniel J,1
Levinson Leonard Louis,1
Lopez D A MD Williams R M MD Ph D & Miehlke K MD,1
Los Angeles,1
Lossing Benson J,1
Lurie Charles N,1
Cookson Catherine,1
Corbett John L,1
Cornwell Art,1
Sean Leigh Greenwood,1
Seltzer David,1
Serling Rod,1
Shaw Mark,1
Shoemaker Bill,1
Gabrieli Francesco,1
Gogol,1
Gorrell Robert M & Laird Charleton,1
Heafford Philip,1
Helfer Andrew,1
Henderson Bruce,1
Heston Leonard & Renate,1
Polk Milbry,1
Powell Colin with Joseph Persico,1
Prittle Terence,1
Puckett Cecil PhD & Beighey PhD,1
Quick Amanda,1
Quick Books,1
Quick Books for Windows,1
Rawls Wilson,1
Mackie Carole,1
Magonigle H Van Buren,1
Mandel Leon,1
Marchant Catherine,1
Martin Albro,1
Martin Les & Steiber Ellen,1
Mather Anne,1
Mayo Samuel H,1
McCutcheon George Barr,1
McHoy Peter,1
McKay Hilary,1
McKenna Colleen OShaughnessy,1
Fagan Brian,1
Fair A A Earl Stanley Gardner,1
Fairstein Linda,1
Farb Peter,1
Farrington S Kip Jr,1
Fleming Thomas,1
Follett James,1
Forsdyke AG,1
Forshaw Joseph  Various,1
Forsyth Frederick,1
Fortisevn Zeke,1
Franck Harry A,1
Freeman Frank N,1
Freeman Ira M,1
Sanders Charlels W AM,1
Sandman Larry,1
Schaeffer Brenda,1
Schwarz Christina,1
 Gardner Earl Stanley,1
 Lindlahr Victor,1
 Redfield James,1
 Russell Ken,1
Andrews VC,1
Armstrong Charlotte,1
Canfield Jack Mark Victor Hansen Kimberly Kirberger,1
Canizares Susan and Berger Samantha,1
Capote Truman,1
Carabatsos James,1
Carter Nick,1
Cartwright B W,1
Chapman Donald Campbell Randolph & Calvert Robert,1
Tademy Lalita,1
Taylor Barbara,1
Tedford Marie & Goudey Pat,1
Thayer Steve,1
The Heritage of America Library,1
Thommen George S,1
Untermeyer Louis,1
Van Gieson Judith,1
Vaughn Cy,1
Wanous & Wanous,1
Cullen Robert,1
Daly Audrey,1
Davidson David,1
Davies Robertson,1
Davis Angela,1
Denny Nancy Hunter,1
Deverell William,1
Blackman Margaret B,1
Blanchard Kenneth & Peale Norman Vincent,1
Boyd Candy Dawson,1
Bradley Robert A MD,1
Koppel Ted,1
Parsons & Oja,1
Patterson Harry,1
Patterson James & Michael Ledwidge,1
Pearson Ridley,1
Penn Audrey,1
Perrins Christopher Dr,1
Howard Clark,1
Howard Elizabeth Metzger,1
Hyde Christopher,1
Hyde E A Wtson,1
Siegel Sheldon,1
Smith Jody,1
Smith O A,1
Stair Ralph M Jr,1
Stanley Charles,1
Sterling Sara Hawks,1
Stonecipher Harland C With James W Robinson,1
Swift Graham,1
Johanna Spyri,1
Johnston William,1
Joynes Edward S,1
Reid George K PhD,1
Risley Christine,1
Robards Karen,1
Robinson Barbara,1
Roe Francis,1
Rogers Will,1
Rollin A Roblert Smith Jerome & Wilson William A Jr,1
Rotella Bob Dr With Bob Cullen,1
Rutherford Edward,1
Eastman Nicholson J MD,1
Editors of Hot Rod Maazine,1
Eppenbach Sarah,1
Eyo Ekpo & Willett Frank,1
Weber Louis,1
Webster Jean,1
Weet Morris L,1
Wharton Edith,1
Wheelock Walt,1
Whitlock Flint,1
Wiaater Stanley Golden Christopher & Hank Wagner,1
Wilson Dorothy Clarke,1
Woodhead H G W,1
Woodward Bob & Carl Bernstein,1
Yerby Frank,1
Zerafa Judy,1
Meltzer Brad,1
Milton Uncle,1
Monaghan Jay,1
Monsarrat Nicholas,1
Moore Clement Clark,1
Moreton Daniel and Samantha Berger,1
Mowgli Stories By Rudyard Kipling,1
Muntean Michaela,1
Myers David G,1
Norton Thomas James,1
OHarra Cleophas C,1
OLeary Patrick,1
Oates Joyce Carol writing as Rosamond Smith,1
Olson Barbara,1
Brinkley Dannion w/Paul Pery,1
Brown Christopher,1
Brown Louis M,1
Bryan William Jennings,1
Buening Alice & Martin Christine,1
Bugliosi Vincent,1
Bunn Martin,1
Austen Jane,1
Bailey Gwen,1
Baldinger Kathleen OBannon,1
Bedford Annie North,1
Bennett William J,1
Benson Ann,1
Kellogg,1
Kernan Alvin B,1
King Stephen Writing as Bachman Richard,1
Knaak Richard A,1
Leslie Louis A & Zoubek Charles E & Strony Madeline S,1
Lessenberry D D & Wanous S J,1
Lever Charles,1
Levi Herbert W & Lorna R Levi,1
Levine Eileen,1
Levy Elizabeth,1
Lewis CS,1
Lewis Shari,1
Lewis Sinclair,1
London Jonathan,1
Lorant Stefan,1
Lyman Henry M MD  Various Others,1
Cool Lisa Collier,1
Corman Avery,1
Sewell Anna,1
Shahan Sherry,1
Shain Merle,1
Shutts George C,1
Garavani Daniela,1
Gardner James Alan,1
Giancoli Douglas C,1
Gilbert Henry,1
Glover T R,1
Goldman Eric F,1
Gorman Ed & Greenberg Martin H,1
Harroy Franco Tassi Fulco Pratesi  Christopher Humphries,1
Haymon S T,1
Heinlein Robert A,1
Hill Reginald,1
Phyllis Fraser,1
Poynter Dan & Bingham Mindy,1
Prelutsky Jack,1
Pronzini Bill & Muller Marcia,1
Pyle William W & White John Arch & Larson Kermit D,1
Queens Ellery,1
Rackham Arthur,1
Macleod Charlotte,1
Marcinko Richard w/ John Weisman,1
Mary,1
Mateaux Rose & C L Joshua,1
Maxwelll Ann,1
McClelland Carol,1
McCracken Robert D,1
McDoougal Stuart Y,1
McGinnis Joe,1
McInerny Ralph,1
Felger Donna H,1
Ferras E X,1
Fielding Joy,1
Fischer Bruno,1
Fontes Ron and Just Ine Korman,1
Franklin Jon & Doelp Alan,1
 Berri Claude,1
 Carnegie Dale,1
 Chapman Dean,1
 Sanders Lawrence,1
 deBalzac Honore,1
Albee Sarah,1
Alexander Beatrice,1
Allan Margaret,1
Anderson C L & Langton C V,1
Anderson Kenneth N,1
Appleman John Alan,1
Carey Mary,1
Cavendish Marshall,1
Ccornwell Patricia,1
Chopra Deepak,1
Christyi Howard Chandler,1
Taylor Frances Lillian,1
Taylor William,1
Temple Willard,1
The Literary Digest,1
The Spanish West,1
Tolstoy Count Leo,1
Trevanian,1
Truman Harry,1
Van De Wetering Janwillem,1
Van Dine SS,1
Vigilante Kevin MD & Mary Flynn PH D,1
Von Daniken Erich,1
W Audry Rev,1
Walker  Steven L,1
Waller Leslie,1
Wanous S J And Haggblade Berle,1
Gray Elizabeth Janet,1
Green Allen Ayrault,1
Grey Ian,1
Grey Zane,1
Grimee Nikkt,1
Guareschi Giovanni,1
Gunther John,1
Hailey Arthur,1
Haley Alex,1
Hall Robert Lee,1
Hallard Peter,1
Crafts Advisory Committee,1
Craig Alisa,1
Davis Don,1
Day Edgar,1
De Groat Diane,1
DeSantillana Giorgio,1
Delmonte Patti,1
Dewberry Donna,1
Dills Lanie,1
Bigge Morris L,1
Bradford Barbara Taylor,1
Konvitz Milton R & Whicher Stephen E,1
Korman Justine,1
Krantzler Mel,1
Land Jon,1
Le Guin Ursula K,1
Leedy Loreen,1
Parker A E,1
Parker Barbara,1
Paulsen Gary,1
Pendleton Ford,1
Peters Thomas J & Waterman Robert H  Jr,1
Horton Thomas D,1
Howard Anne,1
Howland V Huntington,1
Hoyt Franklin S & Peet Harriet E,1
Humphreys Josephine,1
Innes Clive & Glass Charles,1
Irons Diane,1
Siebert Diane,1
Singh,1
Slaughter Frank C,1
Sparks Beatrice,1
St John Willy Folk,1
Steam Jess,1
Sterling Hank,1
Stevenson William J,1
Stoll Cliff,1
Straub Richard O,1
Sunset Magazine,1
Jenson John A,1
Johnson William Weber,1
Kaplan Bert,1
Karon Jan,1
Reilly Helen,1
Remnick David,1
Renau Lynn S,1
Rhodes Richard,1
Rice Anne,1
Rivers Jim,1
Rives David A,1
Robbins Chandler S Bruun Bertel & Zim Herbert S,1
Rosco James Ham and Arthur Newton Leonard,1
Rynerson Fred,1
Clark Mary Higggins,1
Clark Mary Higgins & Carol Higgins Clark0,1
Clouse Michael S & Anderson Kathie Jackson,1
Cohn David L,1
Coleman Dorothy S  Elizabeth a and Evelyn J,1
Collins Jim,1
Compton Joan,1
Dock Lavinia L RN,1
Donaldson Stephen,1
Eastman P D,1
Edwards Anne,1
Ehrlichman John,1
Engel Howard,1
Eugene E & Greer Elaine W,1
Evans William R,1
Whitney Diana,1
Williams Montel,1
Wilson Justin,1
Winchester Simon,1
Winter Douglas E,1
Wister Owen,1
Wohl Burton,1
Wood W G & None Others,1
World Book,1
Yalom Irvin D,1
Yeager General Chuck & Charles Leerhsen,1
York Carol Beach,1
Meier H R Bud,1
Meier Leslie,1
Michaels Fern,1
Mitchell Margaret,1
Morrison Jim,1
Morrison Toni,1
Neiderman Andrew,1
No Author,1
Bristow William H,1
Brogan D W,1
Burke Richard E,1
Burris Jack,1
Burroughs Augusten,1
Bushnell Eleanore,1
Avi Nothing But the Truth,1
Bach George,1
Barker Clive,1
Barnard Robert,1
Barrett S M,1
Batchelor Julie Forsyth & De Lys Claudia,1
Bechdolt Jack,1
Beebe Lucius & Charles Clegg,1
Beebe Lucius and Charles Clegg,1
Benjilian-Burgy & Chiquito Ana Beatriz & Mraz Susan M,1
Benton DA,1
Kennedy X J & Kennedy Dorothy M,1
King Stephen & Straub Peter,1
Kingsley Amanda,1
Kingsley Charles,1
Klaver Kim,1
Knebel Fletcher & Bailey Charles W II,1
Levine Richard M,1
Lewis Myra W/ Silver Murray,1
Lindsey Hal with Carlson CC,1
Littlegreen Inc,1
Loving Nita,1
Lustbader Victoria,1
Conti Peter,1
Costain Thomas B,1
Courter Gay,1
Seligman Patricia,1
Seranella Barbara,1
Shakur Sanyika,1
Shepard Ernest H,1
Shulman Max,1
Gillespie Sheena & Fonseca Terezinha & Sanger Carol A,1
Goldman William,1
Gould George M MD & Walter L Pyle MD,1
Harris Thomas,1
Hart BH Liddell,1
Hart C A & Feldman Daniel D,1
Hart Harold H,1
Hatcher Robin Lee,1
Henson Dusty and Bonnie,1
Heyerdahl Thor,1
Hicks Jim,1
Hill Laurance L,1
Post Elizabeth L,1
Potter Beatrix,1
Pottinger Stanley,1
Pozzessere Heather Graham,1
Press Association,1
MacArthur Douglas,1
Mannheim Karl,1
Mateaux C L,1
Matias,1
McDonald Gregory,1
McKinzie Clinton,1
McMaster H R,1
McMullen Kate,1
McNab Andy,1
Final Report of the National Commission,1
Firmin Mary,1
Fitzhugh Louise,1
Flynn Vince,1
Folsom Allan,1
Fowler Helen,1
Fryer Jane Eayre,1
Fullerton Anna M  MD,1
Sandra Brown,1
Schildt Herbert,1
Schmidt Karen Lee,1
 Ackerrman Robrt J,1
 Ferrars E X,1
 Oberlin Loriann Hoff,1
 Weiten Wayne & Lloyd Margaret A,1
Adams Douglas,1
Agee James,1
Alborough Jez,1
Allende Isabel,1
Anders C J,1
Anderton Johana Gast,1
Cavanah Frances,1
Champion David,1
Chidsey Donald Barr,1
Taylor Janellle,1
The Platt & Monk Co Inc,1
Tweedie Michael,1
Twilegar Burt Brown Jack & Potter Jim,1
Valentine Bill,1
Vanek Cecilia,1
Vavra Robert,1
Wanous S J & Wanousm Edward E,1
Haddam Jane,1
Davidson Diane,1
Day Clarence,1
DeFoe Daniel,1
DeGroat Harry DeW & Young William E,1
Dean Chapman,1
Best Roger J,1
Birke Szifra & Mayer Kathy,1
Bledsoe Michele,1
Bohata-Morpurgo Ida,1
Bohn Chris & Meyers Susan,1
Boudart Jennifer,1
Bowen Ezra,1
Bower Albert G MD,1
Lamb Charlotte,1
Lamont R P,1
Lamoureux Maisie & Jane Troop & Dale Craig,1
Lawson Robert,1
Leader Mary,1
Penney Alexandra,1
Petersen Grete,1
Peterson Roger Tory,1
Home Planners Inc,1
Hoyt Vance Joseph,1
Hyman Mac,1
Iacopi Robert,1
Ibbotson Eva,1
Iocopi Robert,1
Jacobs Gregg D PHD,1
Jacobs J Vernon,1
Jaffee Al,1
James Hartwell,1
Silva Daniel,1
Silverstein Shel,1
Smith Debra,1
Somers Suzanne,1
Spencer LaVkyrle,1
Sperry Armstrong,1
Spillman Ron,1
Jeffers Susan PhD,1
Jeffries Roderic,1
Katz Jane,1
Read Grantly Dick MA MD,1
Reichs Kathy,1
Rigney Francis J,1
Riley James Whitcomb,1
Robinson Kim Stanley,1
Rockwell FF & Grayson Esther C,1
Roth Geneen,1
Royall Vanessa,1
Clark Rod,1
Cleary Beverly,1
Cline C Terry  Jr,1
Collins Max Allan,1
Dobyns Stephen,1
Doherty Bridget Van Tine Julia & the Editors of Prevention,1
Donaldson Stephanie & McHoy Peter,1
Douglas Auriel,1
Draper Sharon M,1
Duquin Lorene Hanley,1
Eliot George,1
War Great,1
Ward Randy,1
Warner Gertrude Chandler,1
Webster Noah,1
Wells Christie,1
Werner Jane,1
Werthman Michael S,1
West Morris,1
Wild Fiona,1
Williams Chuck,1
Williams Hazel Pearson,1
Woodruff Elvira,1
Woolard Samuel Francis,1
Wright Constance,1
Yapko PHD Michael D,1
Yenne Bill,1
Young Helen,1
Zinsser William,1
Zweibel Alan,1
deSchweinitz Karl,1
Merriam-Webster,1
Mesmer Edric S,1
Mifflin Houghton,1
Miller Fred,1
Millman Dan,1
Morehouse Thomas A & Harrison Gordon S,1
Nast Thomas,1
Needles Belverd E Jr & Anderson Henry R & Caldwell James C,1
OConner PhD Richard,1
OConnor Helen,1
OConnor Richard F X,1
ODell Scott,1
Owens Mrs Frances E,1
Brinkley David,1
Broderbund,1
Browne Sylvia,1
Bruce-Briggs B,1
Burlingame Roger,1
Buxton Frank & Owen Bill,1
Byatt A S,1
Bagley Desmond,1
Bayan Matthew J,1
Beman Wooster Woodruff and David Eugene Smith,1
Keillor Garrison,1
Kellerman Jonathon,1
King Larry with Appel Marty,1
Levin,1
Life Magazine,1
Lindquist Charles B,1
Lippincott Catherine Paradiso,1
Lisle Janet Taylor,1
Lowell Elizabeth,1
Conger Marion,1
Conkling Winifred,1
Sears Roebuck and Co,1
Sebestyien Ouida,1
Seears Barry PhD,1
Sharp Margeriy,1
Shaw Jean,1
Shirer William L,1
Shizuru Hayashiya,1
Gaiman Neil,1
Gallop Rick,1
Goldsmith Oliver & Mackenzie Henry,1
Gorbachev Mikhail,1
Harrell Gilvert D & Frazier Gary L,1
Harris Joanne,1
Harvey Clay,1
Heggen Thomas,1
Heilbroner Robert L,1
Hesse Herman,1
Hewson Isabel Manning,1
Hillig Chuck,1
Picken Mary Brooks & Doris White,1
Power Susan,1
Princeton Review,1
Pyle Howard,1
Rayner Carolyn,1
